participant_id,study_id,session_id,condition,is_debug,exclude_reloaders,condition-for-this-participant,attention-test-check,currentpage,timestamp_0,browser_name,browser_version,os,timestamp_1,timestamp_2,timestamp_3,timestamp_4,timestamp_5,timestamp_6,timestamp_7,opinion-about-the-dataset,timestamp_taskbegin,valueEquity,PayGap,valueNotEquity,LowPerfPercentage,MediumPerfPercentage,HighPerfPercentage,PercentageForEquity,timestamp_8,explanation,roleInDecisions,criteria,timestamp_9,answ1,answ2,answ3,answ4,answ5,answ6,answ7,answ8,answ9,answ10,answ11,answ12,totalScale,hostileSexism,benevolentSexism,lastClick,color-used,pay-gap-direction,time-spent-from-consent-to-end,time-spent-for-decision
_bb6a7dd912745000,pilot,0,326.csv,false,1,MenLower-NonStereotyped,0,1,1721390135941,Firefox,128.0,Windows,1721390140995,1721390142672,1721390157259,1721390158027,1721390171863,1721390495725,1721390505167,,1721390506394,3400,"3.81% ",6600,0.56,1.12,2.23,0.34,1721390576884,,,https://cirrus.universite-paris-saclay.fr/s/4ArskQ27RLqtJymhttps://cirrus.universite-paris-saclay.fr/s/4ArskQ27RLqtJym,1721390583780,0,2,1,1,1,1,1,1,2,1,1,5,1.4166666666667,1.8333333333333,1,1721390591941,non-stereotyped,men-lower,-70490,
DEBUG,DEBUG,0,134.csv,true,1,MenLower-NonStereotyped,0,1,1736505955710,Firefox,134.0,Windows,1736505959593,1736505961937,1736505983830,1736505984627,1736505994848,1736506146675,1736506153992,,1736506154978,0,"5.1% ",10000,0.85,1.69,3.38,0,1736506190134,,,"Let's see what happens. I'm not optimistic  but Katia told me that the contract money **should** be available.Let's see what happens. I'm not optimistic  but Katia told me that the contract money **should** be available.",1736506196647,2,1,1,2,1,1,2,1,2,1,1,1,1.3333333333333,1.3333333333333,1.3333333333333,1736506202454,non-stereotyped,men-lower,240517,35156
DEBUG,DEBUG,0,172.csv,true,1,MenLower-Stereotyped,0,1,1736506477588,Firefox,134.0,Windows,1736506481059,1736506482801,1736506501162,1736506501893,1736506510740,1736506535303,1736506538091,,1736506539109,1000,"4.72% ",9000,0.76,1.52,3.04,0.1,1736506574775,,,"  if ('save_trial_log' in config) {         var webpageData = {};         $('#experiment-info').children().each(function() {           webpageData[$(this).attr('id')] = $(this).val();         });         webpageData[""timestamp_10""] = Date.now();         webpageData[""pageNumber""] =10         if (config.save_trial_log) {           if (!excluded) {             $.ajax({               url: 'html/ajax/log_next_event.php'                type: 'POST'                data: JSON.stringify(webpageData)                contentType: 'application/json'                success: function (data) {                 console.log('welcome save.')                 // console.log(measurements['condition'])                 // $(':button').hide()                 // window.onbeforeunload = null               }             })           }         };       }",1736506583074,1,2,1,2,1,1,2,1,2,1,1,1,1.3333333333333,1.3333333333333,1.3333333333333,1736506588299,stereotyped,men-lower,105498,35666
4564324,411102,98754,76.csv,false,1,MenLower-Stereotyped,0,1,1736506837316,Firefox,134.0,Windows,1736506840368,1736506843466,1736506862280,1736506863112,1736506873078,1736506928045,1736506930832,,1736506931826,6000,"2.82% ",4000,0.34,0.68,1.35,0.6,1736507703379,,,?proLIFIC_PID=4564324&STUDY_ID=411102&SESSION_ID=98754?proLIFIC_PID=4564324&STUDY_ID=411102&SESSION_ID=98754,1736507706543,3,3,3,2,2,4,3,0,3,4,1,2,2.5,2.5,2.5,1736507718529,stereotyped,men-lower,875063,771553
DEBUG,DEBUG,0,1.csv,true,1,WomenLower-Stereotyped,0,1,1738487700303,Firefox,134.0,Windows,1738487704477,1738487711659,1738487761052,1738487762642,1738487858038,1738487874247,1738487878719,,1738487879691,0,"5.1% ",10000,0.85,1.69,3.38,0,1738487925251,,,"svg.append('text').attr('x'  width - 110).attr('y'  170).text('Performance:')     .style('font-size'  '1.15em')     .attr('alignment-baseline'  'middle');",1738487931420,0,1,1,1,1,1,1,2,1,1,3,1,1.1666666666667,1.1666666666667,1.1666666666667,1738487941755,stereotyped,women-lower,230096,45560
DEBUG,DEBUG,0,1.csv,true,1,WomenLower-Stereotyped,0,1,1738488639584,Firefox,134.0,Windows,0,4,1,1,2,1,1,2,1,1,2,1,1.4166666666667,1.1666666666667,1.6666666666667,1738488806427,stereotyped,women-lower,,
DEBUG,DEBUG,0,2.csv,true,1,MenLower-NonStereotyped,0,1,1738489308968,Firefox,134.0,Windows,1738489319609,1738489322056,1738489337227,1738489338175,1738489358026,1738489379331,1738489387760,,1738489388966,10000,"1.27% ",0,0.00,0.00,0.00,1,1738489451863,,,TrainingTaskChartWomenLowerNonStereotypedTraining1TrainingTaskChartWomenLowerNonStereotypedTraining1TrainingTaskChartWomenLowerNonStereotypedTraining1TrainingTaskChartWomenLowerNonStereotypedTraining1,1738489458424,1,1,1,1,1,2,1,1,1,1,1,4,1.3333333333333,1.6666666666667,1,1738489467503,non-stereotyped,men-lower,145447,62897
DEBUG,DEBUG,0,3.csv,true,1,WomenLower-NonStereotyped,0,1,1738489474566,Firefox,134.0,Windows,1738489478951,1738489481194,1738489505221,1738489505984,1738489521069,1738489570503,1738489576731,,1738489577793,0,"5.1% ",10000,0.85,1.69,3.38,0,1738489617454,,,http://localhost/FROE-stereotyped-decision-making-no-label/?debug&page=1&condition=3http://localhost/FROE-stereotyped-decision-making-no-label/?debug&page=1&condition=3,1738489629518,1,1,2,1,1,1,1,2,1,1,1,1,1.1666666666667,1.3333333333333,1,1738489634238,non-stereotyped,women-lower,153044,39661
DEBUG,DEBUG,0,4.csv,true,1,MenLower-Stereotyped,0,1,1738489534208,Firefox,134.0,Windows,1738489537965,1738489539869,1738489557075,1738489557704,1738489567990,1738489597617,1738489601657,,1738489603100,10000,"1.27% ",0,0.00,0.00,0.00,1,1738489640393,,,http://localhost/FROE-stereotyped-decision-making-no-label/?debug&page=1&condition=3http://localhost/FROE-stereotyped-decision-making-no-label/?debug&page=1&condition=3http://localhost/FROE-stereotyped-decision-making-no-label/?debug&page=1&condition=3http://localhost/FROE-stereotyped-decision-making-no-label/?debug&page=1&condition=3,1738489644712,5,1,2,1,1,2,1,2,1,1,2,1,1.6666666666667,1.5,1.8333333333333,1738489653649,stereotyped,men-lower,113780,37293
